entry	name	body	comment	decompilation_status
00001682	FUN_00001682	[[00001682, 0000168f]]		completed
00001690	FUN_00001690	[[00001690, 000016af]]		completed
000016b0	FUN_000016b0	[[000016b0, 000016c1]]		completed
000017ac	FUN_000017ac	[[000017ac, 000017e7]]		completed
000018ce	FUN_000018ce	[[000018ce, 00001925]]		completed
00001926	FUN_00001926	[[00001926, 00001937]]		completed
00001938	FUN_00001938	[[00001938, 0000194d]]		completed
0000194e	FUN_0000194e	[[00001290, 000012b5] [0000194e, 000019bf]]		completed
000019c2	FUN_000019c2	[[000019c2, 000019d3]]		completed
000019d4	FUN_000019d4	[[000019d4, 000019eb]]		completed
000019ec	FUN_000019ec	[[000019ec, 00001a01]]		completed
00001a3c	FUN_00001a3c	[[00001a3c, 00001a47]]		completed
00001a48	FUN_00001a48	[[00001a48, 00001aa5]]		completed
00001ac0	FUN_00001ac0	[[00001ac0, 00001ad1]]		completed
00001b00	FUN_00001b00	[[00001b00, 00001b53]]		completed
00001b54	FUN_00001b54	[[00001b54, 00001b79]]		completed
00001b80	FUN_00001b80	[[00001b80, 00001b85]]		completed
00001b8e	FUN_00001b8e	[[00001b8e, 00001bf7]]		completed
00001bf8	FUN_00001bf8	[[00001bf8, 00001c0d]]		completed
000021ac	FUN_000021ac	[[000021ac, 000021f1]]		completed
00002528	FUN_00002528	[[00002528, 00002545]]		completed
00002546	FUN_00002546	[[00002546, 00002579]]		completed
0000257a	FUN_0000257a	[[0000257a, 0000257d]]		completed
0000257e	FUN_0000257e	[[0000257e, 000025c1]]		completed
000025c2	FUN_000025c2	[[000025c2, 000026ad]]		completed
000026ae	FUN_000026ae	[[000026ae, 000026b3]]		completed
000026b4	FUN_000026b4	[[000026b4, 0000275b]]		completed
0000275c	FUN_0000275c	[[0000275c, 000027a1]]		completed
000027a2	FUN_000027a2	[[000027a2, 000027fd]]		completed
000027fe	FUN_000027fe	[[000027fe, 00002817]]		completed
000028de	FUN_000028de	[[000028de, 0000293f]]		completed
00002940	FUN_00002940	[[00002940, 0000298d]]		completed
00002a02	FUN_00002a02	[[00002a02, 00002a3f]]		completed
00002aac	FUN_00002aac	[[00002aac, 00002ae5]]		completed
00002f30	FUN_00002f30	[[00002f30, 00002fc7]]		completed
00002fc8	FUN_00002fc8	[[00002ea4, 00002eab] [00002fc8, 0000312f]]		completed
00003130	FUN_00003130	[[00003130, 00003153]]		completed
00003336	FUN_00003336	[[000004dc, 00000651] [00003336, 00003363]]		completed
00003364	FUN_00003364	[[00003364, 00003364]]		completed
000034ea	FUN_000034ea	[[000034ea, 00003511]]		completed
00003512	FUN_00003512	[[00003512, 00003535]]		completed
00003536	FUN_00003536	[[00003536, 000035a1]]		completed
000035d2	FUN_000035d2	[[000035d2, 00003607]]		completed
00003608	FUN_00003608	[[00003608, 0000363d]]		completed
0000363e	FUN_0000363e	[[0000363e, 00003651]]		completed
00003652	FUN_00003652	[[00003652, 000036cd]]		completed
0000372a	FUN_0000372a	[[0000372a, 0000373f]]		completed
00003740	FUN_00003740	[[00003740, 00003755]]		completed
00003764	FUN_00003764	[[00003764, 0000380d]]		completed
0000380e	FUN_0000380e	[[0000380e, 0000385d]]		completed
0000385e	FUN_0000385e	[[0000385e, 000038b7]]		completed
000038b8	FUN_000038b8	[[000038b8, 000038c5]]		completed
000038c6	FUN_000038c6	[[000038c6, 000038ed]]		completed
000038ee	FUN_000038ee	[[000038ee, 000038f3]]		completed
000038f4	FUN_000038f4	[[000038f4, 000038f5]]		completed
000038f6	FUN_000038f6	[[000038f6, 00003913]]		completed
00003914	FUN_00003914	[[00003914, 000039e7]]		completed
000039e8	FUN_000039e8	[[000039e8, 00003a19]]		completed
00003a1a	FUN_00003a1a	[[00003a1a, 00003a55]]		completed
00003a56	FUN_00003a56	[[00003a56, 00003afb]]		completed
00003afc	FUN_00003afc	[[00003afc, 00003b0f] [00003b20, 00003b25]]		completed
00003b26	FUN_00003b26	[[00003b26, 00003b3f]]		completed
00003ba6	FUN_00003ba6	[[00003ba6, 00003c43]]		completed
00003c44	FUN_00003c44	[[00003c44, 00003c79]]		completed
00003cb6	FUN_00003cb6	[[00003cb6, 00003cd5]]		completed
